kod_stacji;typ_problemu;nazwa_stacji;wojewodztwo_nazwa;miejscowosc_nazwa_gios;adres;wgs84_fi_n;wgs84_lambda_e;woj_z_gugik;powiat_z_gugik;gmina_z_gugik;rodzaj_gminy_z_gugik;proponowany_kod_simc;proponowana_nazwa_simc;pewnosc;uzyc_automatycznie;podstawa_korekty;uwagi_do_weryfikacji;mozliwe_miejscowosci_z_pipeline;powod_z_pipeline;uwagi
DsCzar07;unsolved_amb;Czarna Góra;DOLNOŚLĄSKIE;CZARNA GÓRA;;50.255072;16.801641;02;08;06;3;0851420;Międzygórze;niska;TAK;"Czarna Góra nie występuje jako aktualna miejscowość SIMC; przypisano do Międzygórza jako najbliższej/administracyjnie sensownej miejscowości referencyjnej dla lokalizacji Czarna Góra w rejonie Bystrzycy Kłodzkiej.";Wybrano Międzygórze (SIMC 0851420), mimo że nazwa GIOŚ brzmi Czarna Góra. Uzasadnienie: Czarna Góra wygląda na nazwę lokalizacji/góry/ośrodka, a nie aktualną miejscowość SIMC. GUGiK wskazuje rejon gminy Bystrzyca Kłodzka. Źródła opisują trasę i relację Międzygórze–Czarna Góra, a w SIMC aktualną miejscowością referencyjną w tym rejonie jest Międzygórze. To jest decyzja korekcyjna, a nie dokładne dopasowanie nazwy GIOŚ do nazwy SIMC.;;brak_miejscowosc_id_dla_klucza_('02', '08', '06', 'CZARNA GÓRA');"Wybrano miejscowość SIMC: Międzygórze (0851420). Podstawa korekty: Czarna Góra nie występuje jako aktualna miejscowość SIMC; przypisano do Międzygórza jako najbliższej/administracyjnie sensownej miejscowości referencyjnej dla lokalizacji Czarna Góra w rejonie Bystrzycy Kłodzkiej.. Dodatkowe uwagi: Wybrano Międzygórze (SIMC 0851420), mimo że nazwa GIOŚ brzmi Czarna Góra. Uzasadnienie: Czarna Góra wygląda na nazwę lokalizacji/góry/ośrodka, a nie aktualną miejscowość SIMC. GUGiK wskazuje rejon gminy Bystrzyca Kłodzka. Źródła opisują trasę i relację Międzygórze–Czarna Góra, a w SIMC aktualną miejscowością referencyjną w tym rejonie jest Międzygórze. To jest decyzja korekcyjna, a nie dokładne dopasowanie nazwy GIOŚ do nazwy SIMC.."
DsCzerStraza;unsolved_amb;Czerniawa;DOLNOŚLĄSKIE;CZERNIAWA;ul. Strażacka 7;50.912475;15.31219;02;10;02;1;0936463;Czerniawa-Zdrój;wysoka;TAK;nazwa GIOŚ CZERNIAWA pasuje do kandydata SIMC Czerniawa-Zdrój w gminie z GUGiK;różnica: skrócona nazwa bez członu -Zdrój;Czerniawa-Zdrój (0936463) | Góreczno (0936470) | Górna (1064114) | Kamieniec (1004477) | Łęczyna (1004483) | Podgórna (1064120) | Świeradów-Zdrój (0936457) | Ulicko (1004490);brak_miejscowosc_id_dla_klucza_('02', '10', '02', 'CZERNIAWA');Wybrano miejscowość SIMC: Czerniawa-Zdrój (0936463). Podstawa korekty: nazwa GIOŚ CZERNIAWA pasuje do kandydata SIMC Czerniawa-Zdrój w gminie z GUGiK. Dodatkowe uwagi: różnica: skrócona nazwa bez członu -Zdrój.
DsKalinowka;unsolved_amb;Kalinówka;DOLNOŚLĄSKIE;KALINOWKA;;51.5226;16.244147;02;11;03;2;0367373;Rudna;niska;TAK;"Kalinówka nie występuje jako aktualna miejscowość SIMC w gminie wskazanej przez GUGiK; źródła wskazują Kalinówkę jako nieistniejącą/historyczną osadę w gminie Rudna albo lokalną nazwę w tym rejonie; przypisano do Rudnej jako miejscowości referencyjnej.";Wybrano Rudna (SIMC 0367373), mimo że nazwa GIOŚ brzmi Kalinówka. Uzasadnienie: Kalinówka wygląda na nazwę historyczną/lokalną/techniczną, a nie aktualną miejscowość w SIMC. GUGiK wskazuje gminę Rudna, a źródła opisują Kalinówkę jako nieistniejącą osadę w powiecie lubińskim/gminie Rudna oraz jako nazwę obiektu fizjograficznego w PRNG. Ponieważ aktualny SIMC nie zawiera osobnej miejscowości Kalinówka dla tej lokalizacji, przypisano stację do miejscowości referencyjnej Rudna. To jest decyzja korekcyjna wymagająca śladu audytowego w kolumnie uwagi.;Brodowice (0367114) | Brodów (0367120) | Bytków (0367143) | Chełm (0367150) | Chobienia (0367166) | Ciechłowice (0367195) | Gawronki (0367210) | Gawrony (0367203) | Górzyn (0367226) | Gwizdanów (0367232) | Juszowice (0367249) | Kębłów (0367255) | Kliszów (0367261) | Koźlice (0367278) | Miłogoszcz (0367284) | Mleczno (0367290) | Naroczyce (0367309) | Naroczyce-Górki (0367315) | Naroczyce-Kolonia (0999601) | Nieszczyce (0367321) | Olszany (0367338) | Orsk (0367344) | Radomiłów (0367350) | Radoszyce (0367367) | Rozłogi (0367440) | Rudna (0367373) | Rynarcice (0367380) | Stara Rudna (0367396) | Studzionki (0367404) | Toszowice (0367410) | Wądroże (0367427) | Wysokie (0367433);brak_miejscowosc_id_dla_klucza_('02', '11', '03', 'KALINOWKA');"Wybrano miejscowość SIMC: Rudna (0367373). Podstawa korekty: Kalinówka nie występuje jako aktualna miejscowość SIMC w gminie wskazanej przez GUGiK; źródła wskazują Kalinówkę jako nieistniejącą/historyczną osadę w gminie Rudna albo lokalną nazwę w tym rejonie; przypisano do Rudnej jako miejscowości referencyjnej.. Dodatkowe uwagi: Wybrano Rudna (SIMC 0367373), mimo że nazwa GIOŚ brzmi Kalinówka. Uzasadnienie: Kalinówka wygląda na nazwę historyczną/lokalną/techniczną, a nie aktualną miejscowość w SIMC. GUGiK wskazuje gminę Rudna, a źródła opisują Kalinówkę jako nieistniejącą osadę w powiecie lubińskim/gminie Rudna oraz jako nazwę obiektu fizjograficznego w PRNG. Ponieważ aktualny SIMC nie zawiera osobnej miejscowości Kalinówka dla tej lokalizacji, przypisano stację do miejscowości referencyjnej Rudna. To jest decyzja korekcyjna wymagająca śladu audytowego w kolumnie uwagi.."
DsNRudaSlupPM;unsolved_amb;Nowa Ruda - Słupiec (PM10);DOLNOŚLĄSKIE;NOWA RUDA - SŁUPIEC;ul. Wiejska 15;50.550008;16.553645;02;08;04;1;0984344;Słupiec;wysoka;TAK;"nazwa GIOŚ NOWA RUDA - SŁUPIEC; w kandydaturach SIMC jest Słupiec w tej samej jednostce";wybrano bardziej szczegółowy człon lokalizacji: Słupiec;Dolsko (1064019) | Drogosław (0984290) | Góra Świętej Anny (0984309) | Jaworów (1064025) | Kolno (1004371) | Kościelniki (0984321) | Kuźnica (1064031) | Łężno (1064048) | Nagórzany (1004388) | Nowa Ruda (0984278) | Orkany (0984338) | Podgaje (1064054) | Porąbka (1064060) | Rękawczyn (1064077) | Siemiątków (1064083) | Słupiec (0984344) | Straszków (0996650) | Tworzyków (0996643);brak_miejscowosc_id_dla_klucza_('02', '08', '04', 'NOWA RUDA - SŁUPIEC');"Wybrano miejscowość SIMC: Słupiec (0984344). Podstawa korekty: nazwa GIOŚ NOWA RUDA - SŁUPIEC; w kandydaturach SIMC jest Słupiec w tej samej jednostce. Dodatkowe uwagi: wybrano bardziej szczegółowy człon lokalizacji: Słupiec."
DsSnie04;unsolved_amb;Śnieżne Kotły;DOLNOŚLĄSKIE;ŚNIEŻNE KOTŁY;Śnieżne Kotły;50.778373;15.557425;02;06;03;1;0936285;Piechowice;średnia;TAK;"GUGiK wskazuje gminę miejską Piechowice; Śnieżne Kotły nie są miejscowością SIMC";"propozycja administracyjna po gminie; warto ręcznie zaakceptować";Górzyniec (0936291) | Michałowice (0936316) | Pakoszów (0936322) | Piastów (0936339) | Piechowice (0936285);brak_miejscowosc_id_dla_klucza_('02', '06', '03', 'ŚNIEŻNE KOTŁY');"Wybrano miejscowość SIMC: Piechowice (0936285). Podstawa korekty: GUGiK wskazuje gminę miejską Piechowice; Śnieżne Kotły nie są miejscowością SIMC. Dodatkowe uwagi: propozycja administracyjna po gminie; warto ręcznie zaakceptować."
DsTarnowek;unsolved_amb;Tarnówek;DOLNOŚLĄSKIE;TARNOWEK;;51.513299;16.166761;02;16;04;3;0366623;Tarnówek;wysoka;TAK;"dokładna nazwa SIMC po pominięciu rodzaju_gminy; GUGiK różnił się tylko RODZ";korekta rodzaju_gminy;;brak_miejscowosc_id_dla_klucza_('02', '16', '04', 'TARNOWEK');"Wybrano miejscowość SIMC: Tarnówek (0366623). Podstawa korekty: dokładna nazwa SIMC po pominięciu rodzaju_gminy; GUGiK różnił się tylko RODZ. Dodatkowe uwagi: korekta rodzaju_gminy."
DsWitka;unsolved_amb;Witka;DOLNOŚLĄSKIE;WITKA;;51.041136;14.980327;02;25;07;2;0193393;Niedów;niska;TAK;"Witka nie istnieje w SIMC; kandydat na podstawie lokalnego kontekstu zbiornika/rzeki Witka w gminie";wymaga ręcznego sprawdzenia;Białogórze (0193200) | Buszów (0193447) | Gozdanin (0193217) | Gronów (0193223) | Jerzmanki (0193252) | Jędrzychowice (0193269) | Kostrzyna (0193275) | Kozi Lasek (0193230) | Koźlice (0193281) | Koźmin (0193306) | Kunów (0193312) | Lasowice (0193298) | Łagów (0193329) | Łękocin (0193246) | Łomnica (0193335) | Niedów (0193393) | Osiek Łużycki (0193341) | Pokrzywnik (0193358) | Przesieczany (0193364) | Radomierzyce (0193370) | Ręczyn (0193387) | Sławnikowice (0193401) | Spytków (0193424) | Trójca (0193430) | Tylice (0193453) | Żarska Wieś (0193460);brak_miejscowosc_id_dla_klucza_('02', '25', '07', 'WITKA');"Wybrano miejscowość SIMC: Niedów (0193393). Podstawa korekty: Witka nie istnieje w SIMC; kandydat na podstawie lokalnego kontekstu zbiornika/rzeki Witka w gminie. Dodatkowe uwagi: wymaga ręcznego sprawdzenia."
KpNwiesNaftobazy;unsolved_amb;Naftobazy;KUJAWSKO-POMORSKIE;NOWA WIES WIELKA;ul. Przemyslowa;52.970278;18.091389;04;03;05;2;0092775;Nowa Wieś Wielka;wysoka;TAK;dokładna nazwa SIMC w gminie z GUGiK;brak polskich znaków w GIOŚ: WIES -> Wieś;Brzoza (0092640) | Chmielniki (0092657) | Dąbrowa Wielka (0092686) | Dębinka (1028041) | Dobromierz (0092692) | Dziemionna (0092700) | Emilianowo (0092663) | Jakubowo (0092717) | Januszkowo (0092723) | Kobylarnia (0092730) | Kolankowo (0092746) | Leszyce (0092752) | Łażyn (0092769) | Nowa Wieś Wielka (0092775) | Nowa Wioska (0092781) | Nowe Smolno (0092798) | Olimpin (0092806) | Piecki (0092670) | Prądocin (0092829) | Tarkowo Dolne (0092835) | Wałownica (0092812);brak_miejscowosc_id_dla_klucza_('04', '03', '05', 'NOWA WIES WIELKA');Wybrano miejscowość SIMC: Nowa Wieś Wielka (0092775). Podstawa korekty: dokładna nazwa SIMC w gminie z GUGiK. Dodatkowe uwagi: brak polskich znaków w GIOŚ: WIES -> Wieś.
KpPiech;unsolved_amb;Lafarge-Piechcin;KUJAWSKO-POMORSKIE;PIECHCIN;;52.816389;18.032778;04;19;01;3;0079409;Piechcin;średnia;TAK;"dokładna nazwa SIMC po pominięciu rodzaju_gminy; istnieją dwa rekordy Piechcin";"wybrano podstawową miejscowość RM=01; wymaga akceptacji";;brak_miejscowosc_id_dla_klucza_('04', '19', '01', 'PIECHCIN');"Wybrano miejscowość SIMC: Piechcin (0079409). Podstawa korekty: dokładna nazwa SIMC po pominięciu rodzaju_gminy; istnieją dwa rekordy Piechcin. Dodatkowe uwagi: wybrano podstawową miejscowość RM=01; wymaga akceptacji."
KpSwiecGruczno;unsolved_amb;Frantschach - Gruczno;KUJAWSKO-POMORSKIE;GÓRNE GRUCZNO;;53.364722;18.316667;04;14;09;3;0097784;Gruczno;wysoka;TAK;"nazwa GIOŚ GÓRNE GRUCZNO; w SIMC kandydat Gruczno w tej samej gminie bez rodzaju";nazwa opisowa/lokalna;;brak_miejscowosc_id_dla_klucza_('04', '14', '09', 'GÓRNE GRUCZNO');"Wybrano miejscowość SIMC: Gruczno (0097784). Podstawa korekty: nazwa GIOŚ GÓRNE GRUCZNO; w SIMC kandydat Gruczno w tej samej gminie bez rodzaju. Dodatkowe uwagi: nazwa opisowa/lokalna."
KpSwiecGruczno2;unsolved_amb;02 - Gruczno;KUJAWSKO-POMORSKIE;GÓRNE GRUCZNO;;53.355556;18.318333;04;14;09;3;0097784;Gruczno;wysoka;TAK;"nazwa GIOŚ GÓRNE GRUCZNO; w SIMC kandydat Gruczno w tej samej gminie bez rodzaju";nazwa opisowa/lokalna;;brak_miejscowosc_id_dla_klucza_('04', '14', '09', 'GÓRNE GRUCZNO');"Wybrano miejscowość SIMC: Gruczno (0097784). Podstawa korekty: nazwa GIOŚ GÓRNE GRUCZNO; w SIMC kandydat Gruczno w tej samej gminie bez rodzaju. Dodatkowe uwagi: nazwa opisowa/lokalna."
KpSwiecPrzechowo;unsolved_amb;01 Przechowo;KUJAWSKO-POMORSKIE;ŚWIECIE PRZECHOWO;;53.398056;18.416389;04;14;09;3;0929687;Przechowo;wysoka;TAK;"nazwa GIOŚ ŚWIECIE PRZECHOWO; w SIMC kandydat Przechowo w tej samej gminie bez rodzaju";wybrano bardziej szczegółowy człon lokalizacji: Przechowo;;brak_miejscowosc_id_dla_klucza_('04', '14', '09', 'ŚWIECIE PRZECHOWO');"Wybrano miejscowość SIMC: Przechowo (0929687). Podstawa korekty: nazwa GIOŚ ŚWIECIE PRZECHOWO; w SIMC kandydat Przechowo w tej samej gminie bez rodzaju. Dodatkowe uwagi: wybrano bardziej szczegółowy człon lokalizacji: Przechowo."
MpPiwnicWSSERyne1004;unsolved_amb;Piwniczna Rynek 2;MAŁOPOLSKIE;PIWNICZNA;ul. Rynek 2;49.4375;20.708611;12;10;13;3;0961768;Piwniczna-Zdrój;wysoka;TAK;"nazwa GIOŚ PIWNICZNA; w SIMC Piwniczna-Zdrój po pominięciu rodzaju_gminy";skrót nazwy uzdrowiska;;brak_miejscowosc_id_dla_klucza_('12', '10', '13', 'PIWNICZNA');"Wybrano miejscowość SIMC: Piwniczna-Zdrój (0961768). Podstawa korekty: nazwa GIOŚ PIWNICZNA; w SIMC Piwniczna-Zdrój po pominięciu rodzaju_gminy. Dodatkowe uwagi: skrót nazwy uzdrowiska."
MpPiwnZdrojoMOB;unsolved_amb;Piwniczna-Zdrój, ul. Zdrojowa;MAŁOPOLSKIE;PIWNICZNA;ul. Zdrojowa;49.444056;20.719889;12;10;13;3;0961768;Piwniczna-Zdrój;wysoka;TAK;"nazwa GIOŚ PIWNICZNA; stacja ma nazwę Piwniczna-Zdrój, ul. Zdrojowa";skrót nazwy uzdrowiska;;brak_miejscowosc_id_dla_klucza_('12', '10', '13', 'PIWNICZNA');"Wybrano miejscowość SIMC: Piwniczna-Zdrój (0961768). Podstawa korekty: nazwa GIOŚ PIWNICZNA; stacja ma nazwę Piwniczna-Zdrój, ul. Zdrojowa. Dodatkowe uwagi: skrót nazwy uzdrowiska."
MpWysowaParkMOB;unsolved_amb;Wysowa-Zdrój, Park Zdrojowy;MAŁOPOLSKIE;UŚCIE GORLICKIE WYSOWA;Wysowa;49.440175;21.178087;12;05;10;2;0468370;Wysowa-Zdrój;wysoka;TAK;"nazwa/adres stacji wskazuje Wysowa-Zdrój; kandydat SIMC w gminie z GUGiK";wybrano człon Wysowa zamiast Uście Gorlickie;Banica (0467896) | Beniówka (0468000) | Beskid (1049215) | Blechnarka (0467904) | Brunary (0467910) | Brunary Niżne (0467927) | Brunary Wyżne (0467933) | Czarna (0467962) | Dujawa (1049221) | Gładyszów (0467991) | Hańczowa (0468051) | Huta Wysowska (0468387) | Izby (0468080) | Jaszkowa (0467956) | Kijów (0468329) | Koło Kościoła (0468016) | Konieczna (0468128) | Kowalów (0468335) | Kunkowa (0468134) | Kwiatoń (0468157) | Leszczyny (0468140) | Ług (0468401) | Markowiec (0468068) | Na Rzekach (0468281) | Niżny Koniec (0467979) | Niżny Koniec (0468022) | Niżny Koniec (0468246) | Nowica (0468163) | Oderne (0468364) | Przysłop (0468170) | Regietów (0468186) | Regietów Niżny (0468192) | Regietów Wyżny (0468200) | Ropki (0468217) | Sidława (1049238) | Skwirtne (0468223) | Smerekowiec (0468230) | Stawiska (0468298) | Stawisza (0468269) | Śnietnica (0468275) | Terpentyny (0468358) | Uście Gorlickie (0468312) | Wierchnia (0468039) | Wierszki (0467940) | Wysowa-Zdrój (0468370) | Wyżny Koniec (0467985) | Wyżny Koniec (0468045) | Wyżny Koniec (0468252) | Za Rzeką (0468074) | Za Wodą (0468306) | Zdynia (0468393);brak_miejscowosc_id_dla_klucza_('12', '05', '10', 'UŚCIE GORLICKIE WYSOWA');"Wybrano miejscowość SIMC: Wysowa-Zdrój (0468370). Podstawa korekty: nazwa/adres stacji wskazuje Wysowa-Zdrój; kandydat SIMC w gminie z GUGiK. Dodatkowe uwagi: wybrano człon Wysowa zamiast Uście Gorlickie."
MpWysowaWSSE0502;unsolved_amb;Uście Gorlickie Wysowa;MAŁOPOLSKIE;UŚCIE GORLICKIE WYSOWA;ul. Wysowa;49.424722;21.176389;12;05;10;2;0468370;Wysowa-Zdrój;wysoka;TAK;"nazwa/adres stacji wskazuje Wysowa; kandydat SIMC Wysowa-Zdrój w gminie z GUGiK";wybrano człon Wysowa zamiast Uście Gorlickie;Banica (0467896) | Beniówka (0468000) | Beskid (1049215) | Blechnarka (0467904) | Brunary (0467910) | Brunary Niżne (0467927) | Brunary Wyżne (0467933) | Czarna (0467962) | Dujawa (1049221) | Gładyszów (0467991) | Hańczowa (0468051) | Huta Wysowska (0468387) | Izby (0468080) | Jaszkowa (0467956) | Kijów (0468329) | Koło Kościoła (0468016) | Konieczna (0468128) | Kowalów (0468335) | Kunkowa (0468134) | Kwiatoń (0468157) | Leszczyny (0468140) | Ług (0468401) | Markowiec (0468068) | Na Rzekach (0468281) | Niżny Koniec (0467979) | Niżny Koniec (0468022) | Niżny Koniec (0468246) | Nowica (0468163) | Oderne (0468364) | Przysłop (0468170) | Regietów (0468186) | Regietów Niżny (0468192) | Regietów Wyżny (0468200) | Ropki (0468217) | Sidława (1049238) | Skwirtne (0468223) | Smerekowiec (0468230) | Stawiska (0468298) | Stawisza (0468269) | Śnietnica (0468275) | Terpentyny (0468358) | Uście Gorlickie (0468312) | Wierchnia (0468039) | Wierszki (0467940) | Wysowa-Zdrój (0468370) | Wyżny Koniec (0467985) | Wyżny Koniec (0468045) | Wyżny Koniec (0468252) | Za Rzeką (0468074) | Za Wodą (0468306) | Zdynia (0468393);brak_miejscowosc_id_dla_klucza_('12', '05', '10', 'UŚCIE GORLICKIE WYSOWA');"Wybrano miejscowość SIMC: Wysowa-Zdrój (0468370). Podstawa korekty: nazwa/adres stacji wskazuje Wysowa; kandydat SIMC Wysowa-Zdrój w gminie z GUGiK. Dodatkowe uwagi: wybrano człon Wysowa zamiast Uście Gorlickie."
MzPlockPKN1;unsolved_amb;Płock-Trzepowo;MAZOWIECKIE;TRZEPOWO;ul. Trzepowo 56;52.5888;19.724289;14;19;13;2;0576303;Nowe Trzepowo;wysoka;TAK;"nazwa GIOŚ TRZEPOWO; w gminie z GUGiK jest Nowe Trzepowo";brak dokładnego Trzepowo w SIMC dla tej gminy;Antonówka (0576094) | Biała (0576036) | Biała-Parcela (0576042) | Bronowo-Zalesie (0576071) | Bronowo Kmiece (0576065) | Brwilno (0576088) | Dziarnowo (0576125) | Kamionki (0576131) | Kobierniki (0576148) | Kowalewko (0576190) | Kruszczewo (0576208) | Ludwikowo (0576214) | Mańkowo (0576220) | Maszewo (0576237) | Maszewo Duże (0576243) | Miłodróż (0576250) | Nowa Biała (0576266) | Nowe Bronowo (0576272) | Nowe Draganie (0576289) | Nowe Proboszczewice (0576295) | Nowe Trzepowo (0576303) | Ogorzelice (0576326) | Pieńki (0576349) | Poświętne (0576059) | Srebrna (0576332) | Stara Biała (0576355) | Stare Draganie (0576119) | Stare Proboszczewice (0576361) | Trzebuń (0576378) | Ulaszewo (0576384) | Włoczewo (0576390) | Wyszyna (0576409);brak_miejscowosc_id_dla_klucza_('14', '19', '13', 'TRZEPOWO');"Wybrano miejscowość SIMC: Nowe Trzepowo (0576303). Podstawa korekty: nazwa GIOŚ TRZEPOWO; w gminie z GUGiK jest Nowe Trzepowo. Dodatkowe uwagi: brak dokładnego Trzepowo w SIMC dla tej gminy."
OpGora12728;unsolved_amb;Góra Św. Anny lokalna 12728;OPOLSKIE;GÓRA ŚW. ANNY;ul. Leśnicka;50.451667;18.163333;16;11;04;3;0497970;Góra Świętej Anny;wysoka;TAK;"nazwa GIOŚ GÓRA ŚW. ANNY; kandydat SIMC Góra Świętej Anny po pominięciu rodzaju_gminy";skrót Św. -> Świętej;;brak_miejscowosc_id_dla_klucza_('16', '11', '04', 'GÓRA ŚW. ANNY');"Wybrano miejscowość SIMC: Góra Świętej Anny (0497970). Podstawa korekty: nazwa GIOŚ GÓRA ŚW. ANNY; kandydat SIMC Góra Świętej Anny po pominięciu rodzaju_gminy. Dodatkowe uwagi: skrót Św. -> Świętej."
PdBorsukowiz;unsolved_amb;Borsukowizna, Szkółka Leśna;PODLASKIE;BORSUKOWIZNA;;53.215492;23.642153;20;11;10;2;0032796;Borsukowizna;niska;TAK;dokładna Borsukowizna istnieje w powiecie sokólskim, ale w innej gminie niż GUGiK;"konflikt GIOŚ/GUGiK; wymaga ręcznego sprawdzenia";Aleksandrówka (0042197) | Babiki (0041890) | Biały Ług (0041915) | Boratyńszczyzna (0041921) | Brzozowy Hrud (0042406) | Chmielowszczyzna (0041938) | Chmielowszczyzna (0041944) | Dziewiczy Ług (0042240) | Grodzisko (0042122) | Grzybowszczyzna (0041967) | Hały-Ług (0042257) | Harkawicze (0041973) | Horczaki (0994414) | Iwniki (1012838) | Jeziorek (0042004) | Klin (0042079) | Klin (0042352) | Knyszewicze (0042027) | Knyszewicze Małe (0041950) | Kozłowy Ług (0042033) | Lipowy Most (0042040) | Litwinowy Ług (1012844) | Łaźnisko (0042056) | Markowy Wygon (0042211) | Minkowce (0042091) | Miszkieniki Małe (0042435) | Miszkieniki Wielkie (0042100) | Nowe Trzciano (0042116) | Nowinka (0042139) | Nowosiółki (0042398) | Nowy Ostrów (0042145) | Ostrów Północny (0042168) | Ostrówek (0042174) | Pierekał (1012850) | Pierożki (0042180) | Pisarzowce (0042323) | Poczopek (0042205) | Podłaźnisko (0042062) | Podświdziałówka (0042151) | Rowek (0042010) | Samogród (0042292) | Słoja (0042228) | Słójka (0042234) | Słójka-Borowszczyzna (0042263) | Sosnowik (0042270) | Stare Trzciano (0042369) | Suchy Hrud (0042085) | Suchynicze (0042286) | Sukowicze (0042300) | Szczęsnowicze (0042317) | Szudziałowo (0042330) | Talkowszczyzna (0042346) | Tołkacze (1012867) | Usnarz Górny (0042375) | Wierzchlesie (0042381) | Wojnowce (0042412) | Zubowszczyzna (0041909) | Zubrzyca Mała (0042429) | Zubrzyca Wielka (0042441);brak_miejscowosc_id_dla_klucza_('20', '11', '10', 'BORSUKOWIZNA');"Wybrano miejscowość SIMC: Borsukowizna (0032796). Podstawa korekty: dokładna Borsukowizna istnieje w powiecie sokólskim, ale w innej gminie niż GUGiK. Dodatkowe uwagi: konflikt GIOŚ/GUGiK; wymaga ręcznego sprawdzenia."
PkCzarnaWSSENafGaz;unsolved_amb;Czarna-OśrNaftaGaz-WSSE;PODKARPACKIE;CZARNA;ul. Ośrodek Wyp-Szkol Nafta-Gaz;49.308889;22.663903;18;01;03;2;0348000;Czarna Górna;niska;TAK;"GIOŚ podaje CZARNA; w gminie z GUGiK są Czarna Górna i Czarna Dolna";"wybrano roboczo Czarna Górna; wymaga sprawdzenia adresu ośrodka";Bystre (0347962) | Chrewt (0347979) | Czarna Dolna (0347991) | Czarna Górna (0348000) | Czarna Kopalnia (0996229) | Dolny Koniec (0348045) | Górny Koniec (0348051) | Lipie (0348016) | Michniowiec (0348022) | Olchowiec (0347985) | Ostre (0348068) | Paniszczów (0996206) | Polana (0348039) | Rabe (0348074) | Rosochate (0996235) | Rosolin (0996241) | Serednie Małe (0990497) | Sokołowa Wola (0996212) | Tworylne (0996258) | Wydrne (0990505) | Żłobek (0348080);brak_miejscowosc_id_dla_klucza_('18', '01', '03', 'CZARNA');"Wybrano miejscowość SIMC: Czarna Górna (0348000). Podstawa korekty: GIOŚ podaje CZARNA; w gminie z GUGiK są Czarna Górna i Czarna Dolna. Dodatkowe uwagi: wybrano roboczo Czarna Górna; wymaga sprawdzenia adresu ośrodka."
SKNowinyCemen;unsolved_amb;Nowiny;ŚWIĘTOKRZYSKIE;SITKÓWKA NOWINY;ul. Przemysłowa 32;50.803894;20.543278;26;04;17;2;0267453;Nowiny;wysoka;TAK;"nazwa stacji Nowiny; GIOŚ SITKÓWKA NOWINY; kandydat SIMC Nowiny w gminie z GUGiK";wybrano bardziej aktualną/konkretną nazwę Nowiny;Bolechowice (0234057) | Kowala (0267424) | Kowala Mała (0267430) | Łany (0267482) | Nowiny (0267453) | Odpadki (0234063) | Podgatcze (1017190) | Podmoście (0234070) | Sitkówka (0267460) | Słowik (1066805) | Sołtysy (0267499) | Szewce (0234494) | Trzcianki (0267447) | Trzcianki (0267507) | Trzcianki (1017209) | Wola Murowana (0267476) | Zagórze (0267513) | Zagrody (0267520) | Zawada (0234502) | Zgórsko (0267559);brak_miejscowosc_id_dla_klucza_('26', '04', '17', 'SITKÓWKA NOWINY');"Wybrano miejscowość SIMC: Nowiny (0267453). Podstawa korekty: nazwa stacji Nowiny; GIOŚ SITKÓWKA NOWINY; kandydat SIMC Nowiny w gminie z GUGiK. Dodatkowe uwagi: wybrano bardziej aktualną/konkretną nazwę Nowiny."
SkSolecZdroj;unsolved_amb;Solec-Zdrój;ŚWIĘTOKRZYSKIE;SOLEC ZDRÓJ;;50.358659;20.886184;26;01;05;2;0271035;Solec-Zdrój;wysoka;TAK;dokładna nazwa SIMC po normalizacji myślnika;;Babiniec (0271182) | Błonie (0271070) | Błonie (0271259) | Cegielnia (1016300) | Chałupki (0270975) | Chinków (0270780) | Czarny Gaj (0270900) | Dąbrówka (0271199) | Golgota (0270863) | Górka (0271390) | Jagodnica (0271087) | Janów (1016316) | Kaczmarówka (0270917) | Kamienna Góra (0271093) | Karna Góra (0271265) | Kików (0270797) | Klucz (0271207) | Kolonia Zagajów (0271360) | Konstantynów-Kolonia (0271058) | Kopanina (0271213) | Kosinów (0270805) | Las Strażnicki (1016322) | Lasek (0271271) | Lisianki (0271288) | Ludwinów (0270857) | Magierów (0270886) | Marek (0270981) | Marianów (0271495) | Maternów (0270998) | Młynek (0271377) | Nowe Świniary (0271147) | Nowe Włosnowice (0271294) | Piachy (0271503) | Piasek Mały (0270892) | Piaski (0271420) | Piestrzec (0270969) | Piestrzec Kapitulny (0271006) | Piestrzec Poduchowny (0271012) | Pod Lasem (0270923) | Podedwór (0271101) | Podkopce (0270930) | Podymacz (0271354) | Półanki (0270811) | Próchnica (0271302) | Przedewsie (0271118) | Przymiarek (0271319) | Sieradzka (0271510) | Solec-Zdrój (0271035) | Stara Wieś (0271124) | Stawek (0271220) | Stawisko (0270828) | Stawisko (0271526) | Strażnik (0271041) | Studnisko (0271437) | Sudołówka (0270946) | Sułkowice (0271064) | Sznury (0271472) | Świniary (0271130) | Świniary Kościelne (0271153) | Świniary Zielenieckie (0271160) | Toczyska (0271236) | W Polu (0270870) | Wełnin (0271176) | Wikliny (1016339) | Włosnowice (0271242) | Włosnowice Trzecie (1016345) | Woźnica Górna (0271029) | Zagaje Kikowskie (0271325) | Zagajów (0271331) | Zagórzany (0271383) | Zagrody (0270834) | Zakamieńcze-Zastawie (0270840) | Zaklicze (0271408) | Zakupnicy (0270952) | Zawodzie (0271443) | Zborów (0271414) | Zielonki (0271466) | Zwierzyniec (0271450) | Żuków (0271489);brak_miejscowosc_id_dla_klucza_('26', '01', '05', 'SOLEC ZDRÓJ');
ZpStarStargardWSSE;unsolved_amb;Stargard Szczeciński;ZACHODNIOPOMORSKIE;STARGARD SZCZECIŃSKI;ul. Czarnieckiego 34;53.337415;15.039209;32;14;01;1;0979596;Stargard;wysoka;TAK;"GIOŚ używa historycznej nazwy Stargard Szczeciński; aktualny SIMC: Stargard";zmiana nazwy historycznej;Giżynek (0979604) | Kluczewo (0979610) | Mokrzyca (0979627) | Mroczeń (0979633) | Osetno (0979640) | Przedmieście Barnimowskie (0979656) | Przedmieście Poznańskie (0979662) | Przedmieście Szczecińskie (0979679) | Pszczelnik (0979685) | Stargard (0979596) | Zarzecze (0979691) | Źródelnia (0979700);brak_miejscowosc_id_dla_klucza_('32', '14', '01', 'STARGARD SZCZECIŃSKI');"Wybrano miejscowość SIMC: Stargard (0979596). Podstawa korekty: GIOŚ używa historycznej nazwy Stargard Szczeciński; aktualny SIMC: Stargard. Dodatkowe uwagi: zmiana nazwy historycznej."
LdBrzeziWSSEMReforma;unsolved_geo;Brzeziny-Reformacka;ŁÓDZKIE;BRZEZINY;ul. Reformacka 3;-999.0;-999.0;;;;;0977025;Brzeziny;wysoka;TAK;"brak współrzędnych; nazwa/adres wskazuje miasto Brzeziny, ul. Reformacka";wybrano Brzeziny, gmina miejska, powiat brzeziński;Brzeziny (0977025) | gmina: Brzeziny | typ: gmina miejska | powiat: brzeziński | woj: ŁÓDZKIE | Brzeziny (0580138) | gmina: Żychlin | typ: obszar wiejski | powiat: kutnowski | woj: ŁÓDZKIE | Brzeziny (0536404) | gmina: Białaczów | typ: obszar wiejski | powiat: opoczyński | woj: ŁÓDZKIE | Brzeziny (0298531) | gmina: Uniejów | typ: obszar wiejski | powiat: poddębicki | woj: ŁÓDZKIE | Brzeziny (0148205) | gmina: Żytno | typ: gmina wiejska | powiat: radomszczański | woj: ŁÓDZKIE | Brzeziny (0976072) | gmina: Sieradz | typ: gmina miejska | powiat: sieradzki | woj: ŁÓDZKIE | Brzeziny (0551390) | gmina: Rzeczyca | typ: gmina wiejska | powiat: tomaszowski | woj: ŁÓDZKIE | Brzeziny (0707484) | gmina: Mokrsko | typ: gmina wiejska | powiat: wieluński | woj: ŁÓDZKIE | Brzeziny (0714053) | gmina: Skomlin | typ: gmina wiejska | powiat: wieluński | woj: ŁÓDZKIE | Brzeziny (0197698) | gmina: Galewice | typ: gmina wiejska | powiat: wieruszowski | woj: ŁÓDZKIE | Brzeziny (0197681) | gmina: Galewice | typ: gmina wiejska | powiat: wieruszowski | woj: ŁÓDZKIE;brak_poprawnych_wspolrzednych;"Wybrano miejscowość SIMC: Brzeziny (0977025). Podstawa korekty: brak współrzędnych; nazwa/adres wskazuje miasto Brzeziny, ul. Reformacka. Dodatkowe uwagi: wybrano Brzeziny, gmina miejska, powiat brzeziński."
MpKrynicWSSENowo1002;unsolved_geo;Krynica Nowotarskiego RWM;MAŁOPOLSKIE;KRYNICA;ul. Nowotarskiego RWM;-999.0;-999.0;;;;;0960390;Krynica-Zdrój;wysoka;TAK;"brak współrzędnych; ul. Nowotarskiego wskazuje Krynicę-Zdrój";GIOŚ używa skrótu Krynica;Krynica-Wieś (0960444) | gmina: Krynica-Zdrój | typ: miasto | powiat: nowosądecki | woj: MAŁOPOLSKIE | Krynica-Zdrój (0960390) | gmina: Krynica-Zdrój | typ: miasto | powiat: nowosądecki | woj: MAŁOPOLSKIE;brak_poprawnych_wspolrzednych;"Wybrano miejscowość SIMC: Krynica-Zdrój (0960390). Podstawa korekty: brak współrzędnych; ul. Nowotarskiego wskazuje Krynicę-Zdrój. Dodatkowe uwagi: GIOŚ używa skrótu Krynica."
MpMyslenWIOSKazi0901;unsolved_geo;Myslenice Kazimierza Wielkiego;MAŁOPOLSKIE;MYŚLENICE;ul. Kazimierza Wielkiego 199;-999.0;-999.0;;;;;0951617;Myślenice;wysoka;TAK;"brak współrzędnych; adres ul. Kazimierza Wielkiego wskazuje miasto Myślenice";odrzucono wieś Myślenice w pow. brzeskim;Myślenice (0831959) | gmina: Szczurowa | typ: gmina wiejska | powiat: brzeski | woj: MAŁOPOLSKIE | Myślenice (0951617) | gmina: Myślenice | typ: miasto | powiat: myślenicki | woj: MAŁOPOLSKIE;brak_poprawnych_wspolrzednych;"Wybrano miejscowość SIMC: Myślenice (0951617). Podstawa korekty: brak współrzędnych; adres ul. Kazimierza Wielkiego wskazuje miasto Myślenice. Dodatkowe uwagi: odrzucono wieś Myślenice w pow. brzeskim."
SlKuzniGliw_wiejs;unsolved_geo;Kuźnia Nieb_gliwic-WIOŚ;ŚLĄSKIE;KUŹNIA NIEBOROWICKA;ul. Wiejska 12;-999.0;-999.0;;;;;0219000;Kuźnia Nieborowska;średnia;TAK;"brak współrzędnych; nazwa GIOŚ KUŹNIA NIEBOROWICKA bardzo podobna do SIMC Kuźnia Nieborowska";"literówka/stara nazwa możliwa; wymaga akceptacji";;brak_poprawnych_wspolrzednych;"Wybrano miejscowość SIMC: Kuźnia Nieborowska (0219000). Podstawa korekty: brak współrzędnych; nazwa GIOŚ KUŹNIA NIEBOROWICKA bardzo podobna do SIMC Kuźnia Nieborowska. Dodatkowe uwagi: literówka/stara nazwa możliwa; wymaga akceptacji."
WpKonin31017;unsolved_geo;Konin, ul. Wieniawskiego 8;WIELKOPOLSKIE;KONIN;ul. Wieniawskiego 8;-999.0;-999.0;;;;;0948667;Konin;wysoka;TAK;"brak współrzędnych; adres miejski w Koninie";;Konin (0948667) | gmina: Konin | typ: gmina miejska | powiat: Konin | woj: WIELKOPOLSKIE | Osada-Konin (0948905) | gmina: Konin | typ: gmina miejska | powiat: Konin | woj: WIELKOPOLSKIE | Konin (0588163) | gmina: Lwówek | typ: obszar wiejski | powiat: nowotomyski | woj: WIELKOPOLSKIE | Koninko (0586589) | gmina: Kórnik | typ: obszar wiejski | powiat: poznański | woj: WIELKOPOLSKIE | Konin (0592673) | gmina: Pniewy | typ: obszar wiejski | powiat: szamotulski | woj: WIELKOPOLSKIE | Konin-Huby (1066691) | gmina: Pniewy | typ: obszar wiejski | powiat: szamotulski | woj: WIELKOPOLSKIE | Koninek (0592680) | gmina: Pniewy | typ: obszar wiejski | powiat: szamotulski | woj: WIELKOPOLSKIE | Koninek (0531832) | gmina: Wągrowiec | typ: gmina wiejska | powiat: wągrowiecki | woj: WIELKOPOLSKIE;brak_poprawnych_wspolrzednych;
WpKonin31018;unsolved_geo;Konin, ul. Leśna 23;WIELKOPOLSKIE;KONIN;ul. Leśna 21;-999.0;-999.0;;;;;0948667;Konin;wysoka;TAK;"brak współrzędnych; adres miejski w Koninie";;Konin (0948667) | gmina: Konin | typ: gmina miejska | powiat: Konin | woj: WIELKOPOLSKIE | Osada-Konin (0948905) | gmina: Konin | typ: gmina miejska | powiat: Konin | woj: WIELKOPOLSKIE | Konin (0588163) | gmina: Lwówek | typ: obszar wiejski | powiat: nowotomyski | woj: WIELKOPOLSKIE | Koninko (0586589) | gmina: Kórnik | typ: obszar wiejski | powiat: poznański | woj: WIELKOPOLSKIE | Konin (0592673) | gmina: Pniewy | typ: obszar wiejski | powiat: szamotulski | woj: WIELKOPOLSKIE | Konin-Huby (1066691) | gmina: Pniewy | typ: obszar wiejski | powiat: szamotulski | woj: WIELKOPOLSKIE | Koninek (0592680) | gmina: Pniewy | typ: obszar wiejski | powiat: szamotulski | woj: WIELKOPOLSKIE | Koninek (0531832) | gmina: Wągrowiec | typ: gmina wiejska | powiat: wągrowiecki | woj: WIELKOPOLSKIE;brak_poprawnych_wspolrzednych;
WpKoninStaszica;unsolved_geo;Konin, ul. Staszica 16;WIELKOPOLSKIE;KONIN;ul. Staszica 16;-999.0;-999.0;;;;;0948667;Konin;wysoka;TAK;"brak współrzędnych; adres miejski w Koninie";;Konin (0948667) | gmina: Konin | typ: gmina miejska | powiat: Konin | woj: WIELKOPOLSKIE | Osada-Konin (0948905) | gmina: Konin | typ: gmina miejska | powiat: Konin | woj: WIELKOPOLSKIE | Konin (0588163) | gmina: Lwówek | typ: obszar wiejski | powiat: nowotomyski | woj: WIELKOPOLSKIE | Koninko (0586589) | gmina: Kórnik | typ: obszar wiejski | powiat: poznański | woj: WIELKOPOLSKIE | Konin (0592673) | gmina: Pniewy | typ: obszar wiejski | powiat: szamotulski | woj: WIELKOPOLSKIE | Konin-Huby (1066691) | gmina: Pniewy | typ: obszar wiejski | powiat: szamotulski | woj: WIELKOPOLSKIE | Koninek (0592680) | gmina: Pniewy | typ: obszar wiejski | powiat: szamotulski | woj: WIELKOPOLSKIE | Koninek (0531832) | gmina: Wągrowiec | typ: gmina wiejska | powiat: wągrowiecki | woj: WIELKOPOLSKIE;brak_poprawnych_wspolrzednych;
WpPila57192;unsolved_geo;Piła, ul. Okrzei 8;WIELKOPOLSKIE;PIŁA;ul. Okrzei 8;-999.0;-999.0;;;;;0966530;Piła;wysoka;TAK;"brak współrzędnych; adres miejski w Pile, ul. Okrzei";;Piła (0199786) | gmina: Kępno | typ: obszar wiejski | powiat: kępiński | woj: WIELKOPOLSKIE | Piła-Młyn (0210246) | gmina: Trzcinica | typ: gmina wiejska | powiat: kępiński | woj: WIELKOPOLSKIE | Piła (0208924) | gmina: Sośnie | typ: gmina wiejska | powiat: ostrowski | woj: WIELKOPOLSKIE | Piła (0966530) | gmina: Piła | typ: gmina miejska | powiat: pilski | woj: WIELKOPOLSKIE | Piła (0195647) | gmina: Chocz | typ: obszar wiejski | powiat: pleszewski | woj: WIELKOPOLSKIE | Piła (0533021) | gmina: Wronki | typ: obszar wiejski | powiat: szamotulski | woj: WIELKOPOLSKIE | Piła-Młyn (0971471) | gmina: Skoki | typ: miasto | powiat: wągrowiecki | woj: WIELKOPOLSKIE;brak_poprawnych_wspolrzednych;
WpTurek31046;unsolved_geo;Turek, ul. Uniejowska 1a;WIELKOPOLSKIE;TUREK;ul. Uniejowska 1a;-999.0;-999.0;;;;;0949336;Turek;wysoka;TAK;"brak współrzędnych; adres miejski w Turku, ul. Uniejowska";;Turek (1008720) | gmina: Środa Wielkopolska | typ: obszar wiejski | powiat: średzki | woj: WIELKOPOLSKIE | Turek (0949336) | gmina: Turek | typ: gmina miejska | powiat: turecki | woj: WIELKOPOLSKIE;brak_poprawnych_wspolrzednych;
